cycle,rank,feature,cycle_firing_frequency,global_firing_frequency,specificity,cycle_mean_activation
0,1,1715,0.51544921875,0.035399169921875,0.4800500488281251,7.978826208114624
0,2,599,0.49759765625,0.031099853515625,0.466497802734375,1.618636577129364
0,3,286,0.45,0.028157958984375,0.421842041015625,1.5091620683670044
0,4,589,0.47140625,0.127547607421875,0.34385864257812504,0.08896136954426766
0,5,1637,0.385546875,0.120540771484375,0.26500610351562504,0.09059501856565476
0,6,1800,0.3514453125,0.114754638671875,0.23669067382812498,0.03483217276632786
0,7,1292,0.3561328125,0.14328857421875,0.21284423828125001,0.05234263852238655
0,8,879,0.325859375,0.13158447265625,0.19427490234375,0.09905076816678048
0,9,1197,0.3425390625,0.15280517578125,0.18973388671875,0.2158133640885353
0,10,639,0.28779296875,0.100604248046875,0.18718872070312498,0.07018104583024978
0,11,1303,0.21337890625,0.0324072265625,0.1809716796875,0.14930394917726517
0,12,1667,0.194140625,0.032314453125,0.161826171875,0.21910131603479385
0,13,965,0.18435546875,0.02719482421875,0.15716064453125,0.12362192004919052
0,14,566,0.18509765625,0.033206787109375,0.151890869140625,0.15493271946907045
0,15,1757,0.1907421875,0.039156494140625,0.151585693359375,0.12904340848326684
0,16,1671,0.25439453125,0.106734619140625,0.147659912109375,0.06681679725646973
0,17,660,0.19900390625,0.05439697265625,0.14460693359375,0.1359816785156727
0,18,1346,0.1891015625,0.05047607421875,0.13862548828125,0.12472672134637833
0,19,783,0.17431640625,0.0455078125,0.12880859375,0.14816846147179605
0,20,1140,0.26302734375,0.137894287109375,0.12513305664062496,0.22018750488758088
0,21,1132,0.25603515625,0.1332958984375,0.1227392578125,0.05226767268031836
0,22,451,0.1900390625,0.071024169921875,0.11901489257812499,0.16594647556543352
0,23,1753,0.1744140625,0.0666845703125,0.1077294921875,0.14843027293682098
0,24,1425,0.1579296875,0.055120849609375,0.102808837890625,0.06649640828371048
0,25,1780,0.16546875,0.0668017578125,0.0986669921875,0.16505305528640746
0,26,1856,0.2103125,0.11939697265625,0.09091552734375001,0.0345141115039587
0,27,1189,0.14099609375,0.05343505859375,0.08756103515625,0.030626321751624344
0,28,944,0.0975390625,0.01018798828125,0.08735107421874999,0.04158517878502607
0,29,432,0.1166796875,0.031153564453125,0.085526123046875,0.05523128755390644
0,30,1453,0.1251953125,0.05202880859375,0.07316650390624999,0.07210176937282085
0,31,1151,0.11302734375,0.042161865234375,0.070865478515625,0.06308842100203037
0,32,801,0.15189453125,0.081248779296875,0.07064575195312499,0.05118919417262077
0,33,1244,0.13599609375,0.067587890625,0.068408203125,0.044236212968826294
0,34,1582,0.1921875,0.12908447265625,0.06310302734375,0.1924674117565155
0,35,907,0.1378125,0.078089599609375,0.059722900390625,0.04642434243112802
0,36,254,0.07783203125,0.020189208984375,0.057642822265625004,0.03574217613786459
0,37,993,0.1258984375,0.0683642578125,0.05753417968749999,0.05370517462491989
0,38,408,0.095625,0.044366455078125,0.051258544921875,0.0698999896645546
0,39,181,0.1280078125,0.077274169921875,0.050733642578125016,0.03931451570242643
0,40,1904,0.1512109375,0.100867919921875,0.05034301757812501,0.11933718249201775
0,41,318,0.09919921875,0.0545166015625,0.044682617187499996,0.03353078439831734
0,42,1041,0.13833984375,0.0947802734375,0.04355957031249999,0.035737715251743796
0,43,1486,0.12818359375,0.087265625,0.04091796874999999,0.025270444308407605
0,44,356,0.12388671875,0.08393310546875,0.039953613281249994,0.05831302486360073
0,45,1961,0.12822265625,0.09048583984375,0.03773681640625001,0.10029087811708451
0,46,1527,0.1323046875,0.097510986328125,0.034793701171875,0.09474904879927636
0,47,199,0.12716796875,0.093236083984375,0.033931884765625,0.029684747755527496
0,48,1202,0.12607421875,0.09416015625,0.03191406249999999,0.04156374879181385
0,49,137,0.093125,0.0621728515625,0.0309521484375,0.05145631358027458
0,50,135,0.125234375,0.09473388671875,0.030500488281250016,0.1125565068423748
1,1,1486,0.59162109375,0.087265625,0.50435546875,0.21174387723207475
1,2,876,0.507265625,0.094691162109375,0.41257446289062505,0.2416399772465229
1,3,12,0.4501953125,0.187266845703125,0.262928466796875,0.18125580325722696
1,4,1069,0.38009765625,0.164466552734375,0.21563110351562503,0.10325688838958741
1,5,375,0.2179296875,0.084608154296875,0.133321533203125,0.048996053822338584
1,6,1030,0.25388671875,0.120625,0.13326171875000004,0.0658258556574583
1,7,801,0.20205078125,0.081248779296875,0.120802001953125,0.051186464056372644
1,8,1346,0.16822265625,0.05047607421875,0.11774658203124999,0.0485398954898119
1,9,1453,0.1634765625,0.05202880859375,0.11144775390625,0.05999227903783321
1,10,32,0.20876953125,0.097554931640625,0.111214599609375,0.053762259483337405
1,11,808,0.23234375,0.1245751953125,0.10776855468749999,0.06723761111497879
1,12,451,0.176328125,0.071024169921875,0.105303955078125,0.06872372888028622
1,13,1780,0.17021484375,0.0668017578125,0.10341308593750001,0.07428535468876361
1,14,1904,0.20392578125,0.100867919921875,0.103057861328125,0.09256750360131263
1,15,298,0.19732421875,0.09440185546875,0.10292236328125,0.047961375638842584
1,16,1667,0.1258984375,0.032314453125,0.09358398437499998,0.042636207528412344
1,17,1132,0.2265625,0.1332958984375,0.0932666015625,0.051809980534017086
1,18,843,0.2683203125,0.1751513671875,0.0931689453125,0.10672078415751457
1,19,193,0.18669921875,0.098082275390625,0.088616943359375,0.06943196266889572
1,20,670,0.18900390625,0.100584716796875,0.08841918945312499,0.039949587062001225
1,21,796,0.19056640625,0.102716064453125,0.08785034179687498,0.053423759341239926
1,22,1086,0.20833984375,0.121064453125,0.087275390625,0.07260944314301014
1,23,1151,0.129375,0.042161865234375,0.08721313476562499,0.04426174480468035
1,24,1755,0.177734375,0.091346435546875,0.086387939453125,0.057407610826194284
1,25,746,0.18341796875,0.09826171875,0.08515624999999999,0.045516251660883425
1,26,576,0.21541015625,0.1304443359375,0.08496582031250002,0.06354397729039192
1,27,1483,0.16265625,0.07914794921875,0.08350830078125,0.06489305274561047
1,28,660,0.13740234375,0.05439697265625,0.08300537109374999,0.018922138288617135
1,29,435,0.19724609375,0.114688720703125,0.082557373046875,0.054071317911148074
1,30,1529,0.24787109375,0.166075439453125,0.08179565429687499,0.1135628978908062
1,31,362,0.1562890625,0.074622802734375,0.081666259765625,0.03307411920279264
1,32,707,0.1335546875,0.052464599609375,0.081090087890625,0.04388956056907773
1,33,502,0.249375,0.16841796875,0.08095703125,0.09662208884954453
1,34,135,0.17462890625,0.09473388671875,0.07989501953125,0.12466725543141365
1,35,1604,0.16462890625,0.08549560546875,0.07913330078125001,0.03576145738363266
1,36,1416,0.17755859375,0.098944091796875,0.078614501953125,0.05621798105537892
1,37,1961,0.16853515625,0.09048583984375,0.07804931640625001,0.09059356063604355
1,38,1684,0.15876953125,0.08154052734375,0.07722900390625001,0.03338627927005291
1,39,1720,0.1681640625,0.091876220703125,0.07628784179687499,0.03250766322016716
1,40,1442,0.18119140625,0.105445556640625,0.075745849609375,0.06269907832145691
1,41,1300,0.16619140625,0.091986083984375,0.07420532226562501,0.08382773131132126
1,42,295,0.19978515625,0.125836181640625,0.07394897460937502,0.04980526261031628
1,43,541,0.1321484375,0.0596630859375,0.0724853515625,0.0452822045236826
1,44,190,0.130546875,0.05832763671875,0.07221923828125001,0.037059038318693636
1,45,199,0.16537109375,0.093236083984375,0.07213500976562501,0.040865775309503076
1,46,147,0.14025390625,0.068128662109375,0.072125244140625,0.037784227393567564
1,47,1310,0.152578125,0.0811865234375,0.0713916015625,0.07607023619115352
1,48,463,0.15732421875,0.086416015625,0.070908203125,0.0455764277279377
1,49,556,0.1801953125,0.10940673828125,0.07078857421875001,0.04268262878060341
1,50,211,0.25474609375,0.18412353515625,0.07062255859375002,0.10817295417189599
2,1,876,0.4287109375,0.094691162109375,0.334019775390625,0.1656028510630131
2,2,170,0.2819140625,0.1421533203125,0.1397607421875,0.08984477423131466
2,3,808,0.25662109375,0.1245751953125,0.13204589843749998,0.07164700396358967
2,4,771,0.29806640625,0.180670166015625,0.11739624023437503,0.11998232696205377
2,5,1069,0.254296875,0.164466552734375,0.08983032226562498,0.06520934350788593
2,6,1607,0.18736328125,0.10296630859375,0.08439697265625001,0.04629937678575516
2,7,421,0.21583984375,0.13238525390625,0.08345458984375001,0.06142458699643612
2,8,375,0.1599609375,0.084608154296875,0.07535278320312501,0.033276407523080705
2,9,493,0.1648046875,0.090904541015625,0.07390014648437498,0.043024716153740886
2,10,252,0.25330078125,0.18085205078125,0.07244873046875,0.15580598928034306
2,11,858,0.1805859375,0.10843505859375,0.07215087890625,0.04234114862978458
2,12,12,0.25875,0.187266845703125,0.07148315429687499,0.07718400724232197
2,13,1264,0.18181640625,0.112156982421875,0.06965942382812501,0.05122949600219726
2,14,1593,0.1986328125,0.128988037109375,0.069644775390625,0.06846554420888423
2,15,1963,0.19267578125,0.125341796875,0.06733398437500002,0.06730251513421535
2,16,607,0.1692578125,0.10239990234375,0.06685791015624999,0.04132723845541477
2,17,1240,0.17537109375,0.10900390625,0.06636718750000001,0.09434384532272816
2,18,211,0.24939453125,0.18412353515625,0.06527099609375,0.10378767862915993
2,19,801,0.14544921875,0.081248779296875,0.064200439453125,0.028952755369246005
2,20,295,0.18724609375,0.125836181640625,0.06140991210937502,0.05356623224914074
2,21,1410,0.1441015625,0.088914794921875,0.055186767578125004,0.03929164126515389
2,22,1050,0.1959765625,0.14243408203125,0.053542480468750014,0.04966378428041935
2,23,47,0.1319921875,0.079830322265625,0.05216186523437499,0.031554979495704176
2,24,1135,0.16509765625,0.1134326171875,0.0516650390625,0.03913428883999586
2,25,576,0.18185546875,0.1304443359375,0.05141113281250001,0.046695033125579356
2,26,924,0.1675,0.116234130859375,0.051265869140625,0.060663241893053055
2,27,1879,0.19833984375,0.14782470703125,0.05051513671874999,0.04792407318949699
2,28,113,0.14408203125,0.094259033203125,0.049822998046875,0.03432256516069174
2,29,604,0.14513671875,0.09601318359375,0.04912353515625001,0.036971921119838956
2,30,1840,0.15142578125,0.102344970703125,0.049080810546875006,0.0434558092430234
2,31,1192,0.1783984375,0.129815673828125,0.048582763671875,0.07285599201917649
2,32,460,0.19837890625,0.15046142578125,0.047917480468749996,0.07747433133423329
2,33,556,0.1573046875,0.10940673828125,0.04789794921875001,0.03539851356297732
2,34,446,0.18064453125,0.1329833984375,0.04766113281249998,0.06794531859457492
2,35,191,0.21265625,0.165242919921875,0.04741333007812498,0.08941175013780595
2,36,746,0.14529296875,0.09826171875,0.04703125,0.03455033991485834
2,37,502,0.2153515625,0.16841796875,0.04693359375,0.08438607893884181
2,38,1569,0.11662109375,0.06985107421875,0.04677001953125,0.027781778164207935
2,39,843,0.22111328125,0.1751513671875,0.0459619140625,0.0874859194457531
2,40,1542,0.128046875,0.08221923828125,0.04582763671875001,0.029652641266584397
2,41,224,0.17384765625,0.12810302734375,0.04574462890625,0.055060031600296495
2,42,475,0.1587890625,0.11353759765625,0.04525146484374999,0.092881001830101
2,43,1486,0.132109375,0.087265625,0.04484375,0.019773913864046335
2,44,1859,0.131875,0.08718017578125,0.04469482421875,0.0343124046549201
2,45,1844,0.14990234375,0.105245361328125,0.044656982421875005,0.05524251215159893
2,46,135,0.1391796875,0.09473388671875,0.04444580078125002,0.08790683209896087
2,47,1488,0.18228515625,0.137855224609375,0.044429931640625,0.08149289369583129
2,48,193,0.14240234375,0.098082275390625,0.04432006835937499,0.04834010858088732
2,49,318,0.0987890625,0.0545166015625,0.044272460937499994,0.021236710641533138
2,50,121,0.2527734375,0.209732666015625,0.04304077148437496,0.03678300847299397
3,1,252,0.24828125,0.18085205078125,0.06742919921875001,0.13593066774308682
3,2,771,0.247578125,0.180670166015625,0.06690795898437502,0.09879457153379917
3,3,170,0.1984765625,0.1421533203125,0.05632324218750001,0.05596115052700043
3,4,460,0.20337890625,0.15046142578125,0.05291748046875,0.07348565321415662
3,5,31,0.1796875,0.134051513671875,0.04563598632812499,0.09710597515106201
3,6,567,0.1745703125,0.1326513671875,0.04191894531249998,0.04812626810744405
3,7,1410,0.1262109375,0.088914794921875,0.03729614257812501,0.03332956889644265
3,8,1240,0.14513671875,0.10900390625,0.0361328125,0.08365180782973766
3,9,1050,0.1782421875,0.14243408203125,0.03580810546875002,0.04265245985239744
3,10,1593,0.16455078125,0.128988037109375,0.03556274414062499,0.05102425489574671
3,11,1497,0.16908203125,0.13361572265625,0.035466308593749996,0.03009333327412605
3,12,493,0.12453125,0.090904541015625,0.03362670898437499,0.02988757349550724
3,13,703,0.1251171875,0.0927734375,0.032343750000000004,0.030765880644321442
3,14,1083,0.15421875,0.123475341796875,0.03074340820312499,0.028168092472478746
3,15,709,0.12107421875,0.09123291015625,0.029841308593750004,0.028260556273162363
3,16,561,0.12072265625,0.090975341796875,0.029747314453125007,0.041503473669290546
3,17,1382,0.1269140625,0.09732421875,0.02958984375000001,0.051682111695408824
3,18,1607,0.13251953125,0.10296630859375,0.02955322265624999,0.028361113145947456
3,19,1488,0.16697265625,0.137855224609375,0.029117431640624997,0.07132477335631847
3,20,994,0.14251953125,0.1136474609375,0.028872070312499998,0.04388698223978281
3,21,264,0.14359375,0.115308837890625,0.02828491210937499,0.03196274392306805
3,22,454,0.16935546875,0.14133056640625,0.02802490234374999,0.057600328624248506
3,23,712,0.15646484375,0.128582763671875,0.02788208007812501,0.032794827260077
3,24,667,0.1451171875,0.11751953125,0.02759765624999999,0.03498383274301887
3,25,1264,0.1397265625,0.112156982421875,0.027569580078125017,0.033611229583621026
3,26,917,0.1163671875,0.089066162109375,0.027301025390624997,0.025930006839334965
3,27,211,0.21115234375,0.18412353515625,0.02702880859375001,0.0790292600542307
3,28,1318,0.13453125,0.107845458984375,0.026685791015624988,0.08165388613939285
3,29,240,0.110390625,0.083729248046875,0.02666137695312501,0.02979536535218358
3,30,446,0.159609375,0.1329833984375,0.026625976562499987,0.05588467031717301
3,31,74,0.13498046875,0.108521728515625,0.026458740234375,0.1009669391810894
3,32,808,0.15080078125,0.1245751953125,0.02622558593749999,0.0342363041266799
3,33,214,0.20595703125,0.17979736328125,0.026159667968749994,0.08785704225301742
3,34,1235,0.1865625,0.1604052734375,0.026157226562499997,0.056225607469677925
3,35,977,0.13544921875,0.109521484375,0.025927734374999983,0.11133911915123462
3,36,475,0.13943359375,0.11353759765625,0.02589599609375,0.0831411299854517
3,37,1069,0.1903515625,0.164466552734375,0.025885009765624994,0.04520374536514282
3,38,1135,0.13931640625,0.1134326171875,0.025883789062499996,0.02957976147532463
3,39,1613,0.14068359375,0.11505615234375,0.025627441406250007,0.02898521464318037
3,40,941,0.1010546875,0.075445556640625,0.02560913085937501,0.022006360832601785
3,41,670,0.126171875,0.100584716796875,0.025587158203124988,0.02627745259553194
3,42,1233,0.19060546875,0.165213623046875,0.025391845703125,0.03781503070145845
3,43,1342,0.14291015625,0.11755615234375,0.025354003906250006,0.04652999605983496
3,44,924,0.14158203125,0.116234130859375,0.025347900390624983,0.049798401296138765
3,45,853,0.1095703125,0.08439697265625,0.025173339843750003,0.02331378564238548
3,46,1951,0.11390625,0.088780517578125,0.025125732421875005,0.02391074753366411
3,47,1844,0.13009765625,0.105245361328125,0.024852294921875004,0.04725295078009367
3,48,921,0.1186328125,0.093818359375,0.02481445312500001,0.053640634827315806
3,49,1766,0.19046875,0.165673828125,0.024794921874999987,0.044899693951010705
3,50,1037,0.136328125,0.1116064453125,0.024721679687499998,0.03298593364655972
4,1,771,0.21833984375,0.180670166015625,0.03766967773437502,0.08540073685348033
4,2,1978,0.15345703125,0.124383544921875,0.02907348632812498,0.03837304916232824
4,3,752,0.1533203125,0.125938720703125,0.027381591796874993,0.041111049465835096
4,4,252,0.206875,0.18085205078125,0.026022949218750008,0.10514367334544658
4,5,31,0.15802734375,0.134051513671875,0.023975830078124982,0.08495609913021326
4,6,1737,0.0972265625,0.07529541015625,0.021931152343749996,0.023658346273005008
4,7,726,0.14384765625,0.12240478515625,0.02144287109375001,0.04105339005589485
4,8,1497,0.1546484375,0.13361572265625,0.021032714843750022,0.026401235833764077
4,9,1083,0.1444140625,0.123475341796875,0.020938720703124997,0.02591540027409792
4,10,567,0.1534765625,0.1326513671875,0.02082519531249999,0.039282240606844425
4,11,460,0.17119140625,0.15046142578125,0.02072998046875002,0.05624586898833513
4,12,454,0.160703125,0.14133056640625,0.019372558593750006,0.057085874564945696
4,13,1342,0.13666015625,0.11755615234375,0.01910400390625,0.04318069752305746
4,14,1382,0.11634765625,0.09732421875,0.019023437500000004,0.04792587749660015
4,15,21,0.0915234375,0.073011474609375,0.018511962890624997,0.021705216243863106
4,16,709,0.10955078125,0.09123291015625,0.018317871093750007,0.026849181689321995
4,17,703,0.11046875,0.0927734375,0.017695312500000004,0.026258464008569717
4,18,200,0.11666015625,0.09899658203125,0.01766357421874999,0.040655040629208085
4,19,1296,0.1021484375,0.084615478515625,0.017532958984375,0.030026242360472678
4,20,1699,0.11603515625,0.0985498046875,0.017485351562499987,0.0278226999938488
4,21,1245,0.1296875,0.1124169921875,0.017270507812500016,0.02643795171752572
4,22,509,0.10140625,0.084146728515625,0.017259521484375,0.023512464184314012
4,23,718,0.10763671875,0.090458984375,0.017177734375000003,0.021794492062181234
4,24,240,0.100625,0.083729248046875,0.01689575195312501,0.027912545707076786
4,25,921,0.1105859375,0.093818359375,0.016767578125,0.049715531654655934
4,26,1233,0.18171875,0.165213623046875,0.016505126953125004,0.03436164431273937
4,27,1544,0.15837890625,0.142041015625,0.016337890625000018,0.04372014943510294
4,28,1494,0.1181640625,0.1018994140625,0.0162646484375,0.027933943793177606
4,29,1118,0.17912109375,0.16298583984375,0.01613525390624998,0.03378802005201578
4,30,2023,0.119296875,0.103330078125,0.015966796874999994,0.02668673163279891
4,31,994,0.12955078125,0.1136474609375,0.015903320312499997,0.038660213127732275
4,32,264,0.13087890625,0.115308837890625,0.015570068359375008,0.029804297257214785
4,33,1235,0.1757421875,0.1604052734375,0.015336914062500012,0.05237173687666655
4,34,977,0.1248046875,0.109521484375,0.015283203124999992,0.09963584065437317
4,35,917,0.1042578125,0.089066162109375,0.015191650390625006,0.022113326136022807
4,36,1538,0.107265625,0.0921337890625,0.015131835937500004,0.037993071638047694
4,37,561,0.10607421875,0.090975341796875,0.015098876953125007,0.03698490042239427
4,38,124,0.15380859375,0.138817138671875,0.014991455078124993,0.04347518783062696
4,39,644,0.1138671875,0.099334716796875,0.014532470703124994,0.027303389590233564
4,40,314,0.10134765625,0.086905517578125,0.014442138671875007,0.08649293020367622
4,41,918,0.0798828125,0.065592041015625,0.014290771484374992,0.02601375784724951
4,42,1090,0.1558203125,0.141552734375,0.014267578125000013,0.0410118006542325
4,43,263,0.10654296875,0.09229248046875,0.014250488281250001,0.036969946287572386
4,44,303,0.1346484375,0.120518798828125,0.014129638671875,0.027251798529177904
4,45,667,0.1316015625,0.11751953125,0.014082031249999988,0.030480024665594102
4,46,1239,0.13494140625,0.120943603515625,0.013997802734375009,0.06845552295446396
4,47,1318,0.12181640625,0.107845458984375,0.013970947265624992,0.07016798496246338
4,48,433,0.12765625,0.113699951171875,0.013956298828125005,0.03290983250364661
4,49,1552,0.08953125,0.0756591796875,0.013872070312500012,0.028625689558684827
4,50,1050,0.1562890625,0.14243408203125,0.01385498046875,0.034858860485255716
5,1,771,0.2089453125,0.180670166015625,0.028275146484375013,0.07763804575428367
5,2,752,0.15271484375,0.125938720703125,0.02677612304687499,0.04188417306169868
5,3,1978,0.14091796875,0.124383544921875,0.016534423828125006,0.03415325924754143
5,4,1118,0.179375,0.16298583984375,0.01638916015625,0.03353432610630989
5,5,1737,0.09029296875,0.07529541015625,0.014997558593749988,0.022507750261574984
5,6,1479,0.1318359375,0.118896484375,0.012939453125,0.031711381431668996
5,7,303,0.1331640625,0.120518798828125,0.012645263671875018,0.026852872520685196
5,8,709,0.1037109375,0.09123291015625,0.012478027343750003,0.025906379595398904
5,9,1245,0.12458984375,0.1124169921875,0.012172851562500003,0.025525088533759118
5,10,2003,0.09982421875,0.087784423828125,0.012039794921875,0.019860609583556652
5,11,264,0.12734375,0.115308837890625,0.012034912109375004,0.028682009056210517
5,12,644,0.1113671875,0.099334716796875,0.012032470703125006,0.026879815254360437
5,13,1296,0.096640625,0.084615478515625,0.012025146484374999,0.02854746436700225
5,14,454,0.15298828125,0.14133056640625,0.01165771484375,0.053375303894281384
5,15,1083,0.1350390625,0.123475341796875,0.011563720703125002,0.02405337240546942
5,16,1476,0.08478515625,0.07328369140625,0.01150146484374999,0.03710682073608041
5,17,524,0.1004296875,0.089354248046875,0.011075439453125002,0.024463620986789465
5,18,200,0.11005859375,0.09899658203125,0.01106201171875,0.03849798362702131
5,19,1235,0.17146484375,0.1604052734375,0.011059570312500017,0.050888012796640396
5,20,21,0.083984375,0.073011474609375,0.010972900390624998,0.019395131543278696
5,21,509,0.0950390625,0.084146728515625,0.010892333984374988,0.021241434421390294
5,22,799,0.0879296875,0.0770458984375,0.01088378906250001,0.022608185578137638
5,23,1494,0.1127734375,0.1018994140625,0.010874023437500005,0.026322389617562295
5,24,460,0.16107421875,0.15046142578125,0.010612792968750007,0.05238044675439596
5,25,994,0.12412109375,0.1136474609375,0.010473632812499994,0.035761715397238734
5,26,124,0.1491796875,0.138817138671875,0.010362548828124984,0.04259991676546633
5,27,921,0.10390625,0.093818359375,0.010087890625000012,0.04625963736325502
5,28,1951,0.0988671875,0.088780517578125,0.010086669921875,0.021918327677994967
5,29,482,0.13685546875,0.126800537109375,0.010054931640624987,0.029717722311615943
5,30,1382,0.10736328125,0.09732421875,0.010039062500000001,0.04363894689828157
5,31,32,0.1075390625,0.097554931640625,0.00998413085937501,0.023798229340463876
5,32,1552,0.085546875,0.0756591796875,0.0098876953125,0.026919769775122403
5,33,1848,0.09640625,0.08662841796875,0.009777832031250003,0.061478087678551674
5,34,1544,0.15181640625,0.142041015625,0.009775390625000019,0.042368317153304816
5,35,299,0.132734375,0.1230712890625,0.009663085937499982,0.04140272356569767
5,36,1171,0.08025390625,0.0706103515625,0.0096435546875,0.024477336164563893
5,37,969,0.18515625,0.17554443359375,0.009611816406250001,0.03665988143533468
5,38,238,0.0936328125,0.0842529296875,0.00937988281249999,0.020698383878916503
5,39,74,0.11775390625,0.108521728515625,0.009232177734375,0.08442197218537331
5,40,1779,0.13810546875,0.128912353515625,0.009193115234374993,0.10609508335590362
5,41,1462,0.07865234375,0.06947509765625,0.009177246093750008,0.024778898395597933
5,42,1081,0.10990234375,0.100743408203125,0.00915893554687501,0.048146276324987414
5,43,539,0.11453125,0.1054541015625,0.009077148437500002,0.048574498668313024
5,44,1674,0.08720703125,0.0781396484375,0.009067382812499997,0.0403831835091114
5,45,1262,0.116796875,0.10776123046875,0.009035644531249998,0.05507190883159638
5,46,265,0.1526953125,0.143729248046875,0.008966064453125006,0.030335275232791902
5,47,1998,0.1274609375,0.11849853515625,0.008962402343750009,0.02917833875864744
5,48,169,0.119296875,0.11037109375,0.00892578125,0.026695560142397882
5,49,6,0.10654296875,0.097618408203125,0.008924560546874988,0.023979678228497506
5,50,1862,0.13005859375,0.12116455078125,0.008894042968750002,0.03210993694141507
6,1,752,0.1445703125,0.125938720703125,0.018631591796874986,0.03885728266090155
6,2,771,0.195859375,0.180670166015625,0.015189208984375008,0.07352442394010722
6,3,1871,0.1394921875,0.12495849609375,0.014533691406250007,0.03334088835865259
6,4,1978,0.1387109375,0.124383544921875,0.014327392578124987,0.03314562760293484
6,5,1038,0.13568359375,0.1229296875,0.012753906250000002,0.0387665126286447
6,6,1862,0.133046875,0.12116455078125,0.011882324218750004,0.0330611364915967
6,7,1118,0.17404296875,0.16298583984375,0.011057128906249991,0.03167584542185068
6,8,1737,0.08634765625,0.07529541015625,0.011052246093749996,0.021429103780537844
6,9,1997,0.11873046875,0.10806884765625,0.010661621093750004,0.032042548414319756
6,10,1479,0.12931640625,0.118896484375,0.010419921874999988,0.030982252657413483
6,11,350,0.1551953125,0.1448779296875,0.010317382812499998,0.03660219021141529
6,12,303,0.130234375,0.120518798828125,0.009715576171875018,0.025530889853835104
6,13,1083,0.1331640625,0.123475341796875,0.009688720703125014,0.023541925381869076
6,14,509,0.09380859375,0.084146728515625,0.009661865234374997,0.021700987461954355
6,15,1068,0.1925,0.1829296875,0.009570312500000011,0.041039167270064354
6,16,799,0.086328125,0.0770458984375,0.00928222656250001,0.022183862701058387
6,17,1839,0.13072265625,0.121485595703125,0.009237060546875009,0.038221416175365446
6,18,1740,0.17109375,0.16189697265625,0.00919677734374999,0.03403974913060665
6,19,3,0.12755859375,0.118597412109375,0.00896118164062501,0.025475663524121048
6,20,304,0.12740234375,0.1187744140625,0.008627929687500008,0.03619108823593706
6,21,200,0.1073828125,0.09899658203125,0.008386230468749992,0.03651261240243912
6,22,346,0.0923046875,0.083948974609375,0.008355712890624992,0.01968728341162205
6,23,971,0.1709375,0.1626318359375,0.008305664062499996,0.033103225342929365
6,24,453,0.1683984375,0.160213623046875,0.008184814453124994,0.029985068645328284
6,25,1503,0.12251953125,0.11441162109375,0.008107910156249995,0.033508511534892024
6,26,1296,0.09267578125,0.084615478515625,0.00806030273437501,0.0271415881998837
6,27,1219,0.085703125,0.077938232421875,0.007764892578125002,0.04578342024236917
6,28,1861,0.123046875,0.1152978515625,0.007749023437500002,0.024075162466615438
6,29,1245,0.1201171875,0.1124169921875,0.007700195312500005,0.024203866235911847
6,30,908,0.12173828125,0.114134521484375,0.0076037597656249956,0.023043827693909405
6,31,21,0.08060546875,0.073011474609375,0.0075939941406250044,0.01838265048339963
6,32,29,0.1291015625,0.121600341796875,0.007501220703124992,0.023872997872531415
6,33,267,0.18705078125,0.1796484375,0.0074023437499999845,0.039975914955139163
6,34,1998,0.1256640625,0.11849853515625,0.0071655273437500056,0.028323991242796182
6,35,1164,0.12900390625,0.12184814453125,0.0071557617187500006,0.01982977505773306
6,36,1552,0.08279296875,0.0756591796875,0.007133789062500007,0.02598632948473096
6,37,1016,0.15734375,0.150245361328125,0.007098388671875011,0.031001618467271327
6,38,265,0.1508203125,0.143729248046875,0.00709106445312499,0.030060054771602153
6,39,1155,0.11607421875,0.10906494140625,0.007009277343749995,0.04997082829475403
6,40,1706,0.1437109375,0.136796875,0.0069140624999999845,0.028612804301083088
6,41,1476,0.08005859375,0.07328369140625,0.00677490234375,0.03535055765882134
6,42,1674,0.0848828125,0.0781396484375,0.006743164062500001,0.038762945160269735
6,43,644,0.10607421875,0.099334716796875,0.0067395019531250044,0.025320858899503945
6,44,1633,0.07439453125,0.067684326171875,0.006710205078125003,0.026606496162712573
6,45,524,0.09603515625,0.089354248046875,0.006680908203125002,0.02248803894966841
6,46,84,0.0960546875,0.089384765625,0.006669921874999998,0.034187688156962395
6,47,539,0.11208984375,0.1054541015625,0.006635742187500002,0.04862405281513929
6,48,264,0.12193359375,0.115308837890625,0.006624755859374998,0.027280883751809596
6,49,467,0.0969140625,0.090308837890625,0.006605224609375002,0.02760323552414775
6,50,535,0.08666015625,0.080064697265625,0.006595458984374997,0.03632983196526766
7,1,1038,0.1439453125,0.1229296875,0.02101562500000001,0.04040158431977034
7,2,1839,0.1396484375,0.121485595703125,0.018162841796874996,0.04153303159400821
7,3,1871,0.1419921875,0.12495849609375,0.01703369140625001,0.03463790751993656
7,4,1778,0.1464453125,0.130107421875,0.016337890625000018,0.03766237208619714
7,5,1503,0.12978515625,0.11441162109375,0.015373535156250007,0.03539448118768632
7,6,304,0.13375,0.1187744140625,0.014975585937500008,0.03929289824794978
7,7,1861,0.13005859375,0.1152978515625,0.014760742187500009,0.02557798204012215
7,8,1862,0.13576171875,0.12116455078125,0.014597167968750005,0.03346346203237772
7,9,453,0.17458984375,0.160213623046875,0.014376220703124998,0.030771241597831248
7,10,1740,0.175703125,0.16189697265625,0.013806152343749989,0.03549452930688858
7,11,752,0.13921875,0.125938720703125,0.013280029296874996,0.03624066330492497
7,12,1068,0.19619140625,0.1829296875,0.013261718750000012,0.04256136439740658
7,13,624,0.13537109375,0.12231689453125,0.013054199218750007,0.026792328469455243
7,14,29,0.133828125,0.121600341796875,0.012227783203124995,0.024271713364869357
7,15,1997,0.120078125,0.10806884765625,0.01200927734375,0.032716229110956195
7,16,267,0.19068359375,0.1796484375,0.011035156249999983,0.041060481332242486
7,17,1978,0.1349609375,0.124383544921875,0.010577392578124983,0.03155489146709442
7,18,1706,0.1466796875,0.136796875,0.009882812499999977,0.029848190266638996
7,19,837,0.15474609375,0.145982666015625,0.008763427734374996,0.02833881162106991
7,20,1275,0.1170703125,0.10873779296875,0.008332519531249999,0.028231428395956756
7,21,908,0.12244140625,0.114134521484375,0.008306884765624994,0.022397524416446685
7,22,1307,0.18857421875,0.18060546875,0.007968749999999997,0.04000990454107523
7,23,245,0.145,0.137548828125,0.0074511718749999956,0.02750026235356927
7,24,350,0.1523046875,0.1448779296875,0.007426757812500018,0.03591429248452187
7,25,1245,0.11978515625,0.1124169921875,0.007368164062500002,0.023263532631099225
7,26,1990,0.15306640625,0.145731201171875,0.007335205078125018,0.028781944364309312
7,27,1737,0.0826171875,0.07529541015625,0.007321777343749988,0.020188955403864384
7,28,998,0.07841796875,0.071102294921875,0.007315673828124994,0.0419953659363091
7,29,1118,0.17017578125,0.16298583984375,0.007189941406249983,0.03107349343597889
7,30,1768,0.17216796875,0.165015869140625,0.007152099609375018,0.03118220079690218
7,31,330,0.10626953125,0.0991943359375,0.0070751953124999906,0.15936289697885514
7,32,346,0.09041015625,0.083948974609375,0.006461181640624994,0.018849685695022343
7,33,389,0.08255859375,0.076197509765625,0.006361083984375002,0.06312538366764783
7,34,1212,0.0671875,0.060887451171875,0.006300048828124995,0.051802240870893
7,35,2038,0.1027734375,0.0964892578125,0.006284179687499988,0.07699027478694916
7,36,303,0.126796875,0.120518798828125,0.006278076171875008,0.025068860072642564
7,37,509,0.090390625,0.084146728515625,0.006243896484374997,0.020628981981426476
7,38,1256,0.135625,0.129449462890625,0.00617553710937499,0.02736372996121645
7,39,1979,0.07091796875,0.0650146484375,0.005903320312500002,0.7972427588701249
7,40,1552,0.0815625,0.0756591796875,0.005903320312500002,0.02484755404293537
7,41,1901,0.06958984375,0.06371337890625,0.005876464843749998,0.04600055750459433
7,42,1088,0.179375,0.1735546875,0.005820312500000008,0.0417332711815834
7,43,1155,0.11486328125,0.10906494140625,0.00579833984375,0.04840887669473887
7,44,1076,0.1159765625,0.11018798828125,0.005788574218750009,0.05019820235669613
7,45,51,0.0762890625,0.070501708984375,0.00578735351562501,0.8501001799106598
7,46,3,0.124375,0.118597412109375,0.005777587890625005,0.02423219185322523
7,47,2047,0.17609375,0.1704150390625,0.005678710937499998,0.04023470416665077
7,48,1210,0.0670703125,0.061429443359375,0.0056408691406250044,0.04665865214541554
7,49,1630,0.07611328125,0.07047607421875,0.005637207031249994,0.13034905523061752
7,50,420,0.103125,0.09748779296875,0.005637207031249994,0.04952605165541172
8,1,1778,0.155078125,0.130107421875,0.02497070312500002,0.04065269470214844
8,2,1038,0.14671875,0.1229296875,0.023789062500000013,0.04188577691093087
8,3,1503,0.1363671875,0.11441162109375,0.021955566406249988,0.03788007162511349
8,4,1839,0.141171875,0.121485595703125,0.019686279296874998,0.042650119038298726
8,5,1871,0.14365234375,0.12495849609375,0.01869384765625,0.03467717099934817
8,6,304,0.1373828125,0.1187744140625,0.018608398437500007,0.04012386975809932
8,7,1997,0.1249609375,0.10806884765625,0.01689208984375,0.03374737367033959
8,8,1740,0.17814453125,0.16189697265625,0.01624755859374999,0.03603011077269912
8,9,1861,0.13125,0.1152978515625,0.015952148437500008,0.025654687006026508
8,10,1862,0.13703125,0.12116455078125,0.01586669921874999,0.03424363385885954
8,11,29,0.1358203125,0.121600341796875,0.014219970703125015,0.02542377071455121
8,12,245,0.15150390625,0.137548828125,0.013955078124999992,0.029500285014510155
8,13,1068,0.19671875,0.1829296875,0.013789062500000004,0.04285946249961853
8,14,624,0.1355859375,0.12231689453125,0.013269042968750006,0.025929740332067013
8,15,1706,0.14998046875,0.136796875,0.01318359375,0.03129631012678146
8,16,453,0.1726953125,0.160213623046875,0.012481689453125,0.02994374416768551
8,17,267,0.19212890625,0.1796484375,0.012480468750000001,0.04075886264443398
8,18,1990,0.1565234375,0.145731201171875,0.01079223632812501,0.029610642027109862
8,19,837,0.1567578125,0.145982666015625,0.010775146484374998,0.02882568284869194
8,20,1768,0.17494140625,0.165015869140625,0.009925537109374993,0.03191187590360642
8,21,1978,0.13408203125,0.124383544921875,0.009698486328125006,0.031904609464108946
8,22,1275,0.11806640625,0.10873779296875,0.009328613281250009,0.0286123857088387
8,23,2025,0.19318359375,0.18399169921875,0.009191894531249994,0.04193935412913561
8,24,1088,0.1823828125,0.1735546875,0.008828124999999992,0.04085381060838699
8,25,1964,0.17345703125,0.16499755859375,0.008459472656249994,0.03332651641219855
8,26,350,0.15302734375,0.1448779296875,0.008149414062499999,0.035845056138932706
8,27,389,0.083828125,0.076197509765625,0.007630615234374999,0.06481552511453628
8,28,346,0.09146484375,0.083948974609375,0.007515869140624992,0.018979125786572695
8,29,1210,0.0683203125,0.061429443359375,0.006890869140624992,0.04801307002082467
8,30,908,0.12087890625,0.114134521484375,0.006744384765625,0.022082275021821262
8,31,3,0.12525390625,0.118597412109375,0.006656494140624997,0.02393528513610363
8,32,1745,0.0872265625,0.08062744140625,0.006599121093749993,0.06519265737384558
8,33,361,0.15626953125,0.149910888671875,0.006358642578125018,0.025856156405061483
8,34,11,0.19091796875,0.1846044921875,0.006313476562500003,0.03780133575201035
8,35,1212,0.06716796875,0.060887451171875,0.006280517578124999,0.05319610603153706
8,36,1737,0.0813671875,0.07529541015625,0.006071777343749987,0.01956121187657118
8,37,1929,0.09373046875,0.08771728515625,0.006013183593749999,0.025829028114676477
8,38,998,0.0770703125,0.071102294921875,0.005968017578124998,0.04283677438274026
8,39,971,0.16859375,0.1626318359375,0.00596191406249999,0.03212223470211029
8,40,420,0.1033984375,0.09748779296875,0.005910644531249995,0.047477768920362
8,41,992,0.0758984375,0.070025634765625,0.005872802734375002,0.06500454232096672
8,42,832,0.0771484375,0.071346435546875,0.005802001953124997,0.9169248664379119
8,43,1307,0.18640625,0.18060546875,0.005800781249999998,0.03929124761372805
8,44,330,0.1048046875,0.0991943359375,0.0056103515624999906,0.15405954539775848
8,45,1591,0.07193359375,0.066566162109375,0.005367431640625003,0.8748891741037369
8,46,403,0.11349609375,0.108165283203125,0.005330810546874995,0.054624250158667564
8,47,1248,0.15013671875,0.14489013671875,0.005246582031250002,0.03041737224906683
8,48,1647,0.17181640625,0.166580810546875,0.0052355957031249845,0.03681859664618969
8,49,51,0.075703125,0.070501708984375,0.005201416015625002,0.8527999520301819
8,50,1360,0.1175390625,0.112410888671875,0.005128173828124999,0.08834552802145482
9,1,1778,0.16181640625,0.130107421875,0.031708984375,0.04327311329543591
9,2,1038,0.15298828125,0.1229296875,0.03005859375,0.042818845082074404
9,3,1839,0.14935546875,0.121485595703125,0.027869873046874993,0.04565928779542446
9,4,304,0.14291015625,0.1187744140625,0.024135742187500003,0.042420896142721175
9,5,1068,0.2066796875,0.1829296875,0.023749999999999993,0.04532762087881565
9,6,1740,0.18537109375,0.16189697265625,0.023474121093749994,0.03802544109523296
9,7,1871,0.1480078125,0.12495849609375,0.023049316406250006,0.03638182846829295
9,8,1503,0.1357421875,0.11441162109375,0.02133056640625,0.03780340816825628
9,9,1861,0.13658203125,0.1152978515625,0.021284179687500016,0.02704129319638014
9,10,245,0.15701171875,0.137548828125,0.019462890625000007,0.031045230887830257
9,11,1706,0.1553125,0.136796875,0.01851562499999998,0.03279523631557822
9,12,1997,0.12642578125,0.10806884765625,0.018356933593750013,0.03440623823553324
9,13,29,0.139453125,0.121600341796875,0.017852783203125014,0.02642978632822633
9,14,837,0.163125,0.145982666015625,0.01714233398437498,0.030020265467464925
9,15,1862,0.1380859375,0.12116455078125,0.01692138671875,0.03454051250591874
9,16,624,0.13810546875,0.12231689453125,0.01578857421874999,0.02727518143132329
9,17,267,0.193515625,0.1796484375,0.013867187499999989,0.04245720606297255
9,18,453,0.1732421875,0.160213623046875,0.013028564453125002,0.03080457467585802
9,19,1990,0.158671875,0.145731201171875,0.012940673828124999,0.02979120086878538
9,20,2025,0.19564453125,0.18399169921875,0.011652832031250004,0.04190826706588268
9,21,908,0.1255078125,0.114134521484375,0.011373291015625009,0.02267005618661642
9,22,1768,0.17634765625,0.165015869140625,0.011331787109375019,0.03210292622447014
9,23,1275,0.11955078125,0.10873779296875,0.010812988281250005,0.028442116007208824
9,24,1978,0.13498046875,0.124383544921875,0.010596923828124993,0.032053647227585316
9,25,389,0.08533203125,0.076197509765625,0.009134521484374991,0.06704652238637208
9,26,1088,0.182578125,0.1735546875,0.009023437500000009,0.041201336793601516
9,27,1210,0.07029296875,0.061429443359375,0.008863525390625002,0.05068932887166738
9,28,1964,0.17361328125,0.16499755859375,0.008615722656249991,0.032858400419354436
9,29,1451,0.16111328125,0.152618408203125,0.00849487304687499,0.026200033798813818
9,30,1307,0.18892578125,0.18060546875,0.00832031250000001,0.040262535847723484
9,31,2029,0.0762109375,0.0687109375,0.007500000000000007,0.8457265645265579
9,32,1212,0.06828125,0.060887451171875,0.007393798828124999,0.055752893723547456
9,33,1248,0.15212890625,0.14489013671875,0.0072387695312499944,0.030651706755161285
9,34,1587,0.12220703125,0.115230712890625,0.006976318359374997,0.056194826029241085
9,35,1745,0.08740234375,0.08062744140625,0.00677490234375,0.06689301468431949
9,36,346,0.09068359375,0.083948974609375,0.006734619140624995,0.018960135411471127
9,37,1831,0.12875,0.12208740234375,0.006662597656250005,0.017707435954362152
9,38,350,0.151484375,0.1448779296875,0.006606445312500014,0.03472448643296957
9,39,1591,0.0730078125,0.066566162109375,0.006441650390625012,0.895198495388031
9,40,1930,0.08453125,0.0781103515625,0.006420898437500003,0.08627605840563773
9,41,1901,0.0701171875,0.06371337890625,0.0064038085937499906,0.05058520637452602
9,42,1979,0.07134765625,0.0650146484375,0.0063330078124999994,0.7990609043836594
9,43,1256,0.13576171875,0.129449462890625,0.0063122558593750044,0.027064370773732662
9,44,992,0.07630859375,0.070025634765625,0.006282958984375003,0.0650711888819933
9,45,373,0.12921875,0.123048095703125,0.0061706542968749944,0.0216541238501668
9,46,579,0.15330078125,0.147132568359375,0.006168212890624997,0.02579926881939173
9,47,1076,0.1162109375,0.11018798828125,0.006022949218750004,0.04904628325253725
9,48,832,0.07736328125,0.071346435546875,0.0060168457031249956,0.9239827930927277
9,49,1589,0.10724609375,0.1012451171875,0.006000976562499996,0.04456732869148254
9,50,1164,0.1277734375,0.12184814453125,0.0059252929687500094,0.018784009758383034
10,1,1778,0.16466796875,0.130107421875,0.034560546875000014,0.04465054454281926
10,2,1038,0.15453125,0.1229296875,0.03160156250000001,0.04341393977403641
10,3,1839,0.1527734375,0.121485595703125,0.03128784179687499,0.046847474044188854
10,4,304,0.14677734375,0.1187744140625,0.02800292968750001,0.043518790639936925
10,5,1871,0.150859375,0.12495849609375,0.025900878906249994,0.03687995918095112
10,6,1068,0.207109375,0.1829296875,0.02417968750000002,0.04619376480579376
10,7,1740,0.18603515625,0.16189697265625,0.02413818359375,0.03835879046469927
10,8,1503,0.13759765625,0.11441162109375,0.023186035156250007,0.038452879693359136
10,9,1706,0.15974609375,0.136796875,0.02294921875,0.033638509772717956
10,10,1861,0.13771484375,0.1152978515625,0.022416992187500012,0.027944865459576248
10,11,1997,0.12939453125,0.10806884765625,0.021325683593750006,0.03483502060174942
10,12,29,0.14265625,0.121600341796875,0.021055908203125015,0.027130112145096065
10,13,245,0.157578125,0.137548828125,0.02002929687500002,0.03157541036605835
10,14,1862,0.13998046875,0.12116455078125,0.01881591796875,0.034797058627009395
10,15,624,0.14078125,0.12231689453125,0.01846435546875,0.02709415378049016
10,16,837,0.16271484375,0.145982666015625,0.016732177734374992,0.02963732946664095
10,17,267,0.195234375,0.1796484375,0.01558593749999998,0.041835991144180296
10,18,453,0.17435546875,0.160213623046875,0.014141845703124989,0.03018571764230728
10,19,1275,0.12166015625,0.10873779296875,0.012922363281250002,0.02915159670636058
10,20,1768,0.177578125,0.165015869140625,0.01256225585937501,0.03185318596661091
10,21,1990,0.158046875,0.145731201171875,0.012315673828125012,0.029488403461873532
10,22,2025,0.1958203125,0.18399169921875,0.011828613281250011,0.04107961729168892
10,23,908,0.12572265625,0.114134521484375,0.011588134765625008,0.02265563067048788
10,24,1978,0.135390625,0.124383544921875,0.011007080078124981,0.03156634360551834
10,25,1307,0.19095703125,0.18060546875,0.010351562499999994,0.04040994394570589
10,26,1964,0.17439453125,0.16499755859375,0.009396972656250002,0.033278242126107214
10,27,1210,0.0708203125,0.061429443359375,0.009390869140624994,0.05367060756310821
10,28,1248,0.15404296875,0.14489013671875,0.009152832031250002,0.030875069983303548
10,29,389,0.08521484375,0.076197509765625,0.009017333984375,0.0676731276512146
10,30,1212,0.0688671875,0.060887451171875,0.007979736328124994,0.05646651709452272
10,31,1930,0.08603515625,0.0781103515625,0.007924804687499995,0.09119994178414345
10,32,942,0.1208984375,0.11308349609375,0.007814941406249998,0.07056868255138397
10,33,1076,0.11798828125,0.11018798828125,0.007800292968749997,0.049415081813931463
10,34,1088,0.181328125,0.1735546875,0.007773437500000008,0.04030591882765293
10,35,1901,0.0712109375,0.06371337890625,0.007497558593749995,0.05139143742620945
10,36,1159,0.08158203125,0.074183349609375,0.007398681640625002,0.051117608919739724
10,37,276,0.103359375,0.095986328125,0.007373046874999997,0.10005625195801258
10,38,1131,0.0695703125,0.06230224609375,0.0072680664062499956,0.5872146558761596
10,39,428,0.0742578125,0.066995849609375,0.007261962890625001,0.8117830240726471
10,40,1256,0.13638671875,0.129449462890625,0.006937255859374991,0.027556153517216443
10,41,1558,0.18169921875,0.17486328125,0.0068359375,0.0346496057882905
10,42,1510,0.11525390625,0.10857177734375,0.006682128906250001,0.02696453595533967
10,43,998,0.0777734375,0.071102294921875,0.006671142578124997,0.045241198912262914
10,44,1451,0.15923828125,0.152618408203125,0.006619873046875002,0.02629413429647684
10,45,1745,0.08724609375,0.08062744140625,0.006618652343750003,0.06814818467944861
10,46,992,0.07658203125,0.070025634765625,0.0065563964843750044,0.06371741816401481
10,47,283,0.10044921875,0.09417236328125,0.006276855468749995,0.062352258637547495
10,48,1867,0.1125,0.106396484375,0.006103515625,0.02706845719367266
10,49,1591,0.072578125,0.066566162109375,0.006011962890625,0.8953089201450348
10,50,346,0.0898046875,0.083948974609375,0.0058557128906249895,0.0185354015417397
11,1,1778,0.1702734375,0.130107421875,0.04016601562500002,0.047577161341905594
11,2,1038,0.15546875,0.1229296875,0.03253906249999999,0.04376549929846078
11,3,1839,0.15375,0.121485595703125,0.03226440429687499,0.04826378909870982
11,4,304,0.1446875,0.1187744140625,0.025913085937499997,0.04247725684195757
11,5,245,0.16259765625,0.137548828125,0.025048828125000006,0.033156460467725996
11,6,1871,0.14947265625,0.12495849609375,0.024514160156250006,0.03624042272567749
11,7,1503,0.1383203125,0.11441162109375,0.023908691406249988,0.03857331502251327
11,8,1740,0.18546875,0.16189697265625,0.02357177734374999,0.039061095006763934
11,9,1706,0.16,0.136796875,0.02320312499999999,0.03421514894813299
11,10,1997,0.13068359375,0.10806884765625,0.02261474609375,0.03603104814887047
11,11,29,0.144140625,0.121600341796875,0.022540283203124997,0.02735104948282242
11,12,1068,0.205,0.1829296875,0.022070312499999994,0.0460271567851305
11,13,1861,0.1362109375,0.1152978515625,0.020913085937499992,0.027481015780940653
11,14,624,0.14279296875,0.12231689453125,0.02047607421875,0.027663137018680572
11,15,1862,0.139921875,0.12116455078125,0.018757324218749996,0.03535154795274138
11,16,267,0.19822265625,0.1796484375,0.018574218749999982,0.04292731788009405
11,17,837,0.16287109375,0.145982666015625,0.01688842773437499,0.02953456375747919
11,18,1768,0.1812109375,0.165015869140625,0.01619506835937501,0.03288826894015074
11,19,1275,0.12447265625,0.10873779296875,0.015734863281249997,0.030517210476100443
11,20,2025,0.19841796875,0.18399169921875,0.014426269531250008,0.04242834702134132
11,21,453,0.174609375,0.160213623046875,0.014395751953125008,0.030171821787953378
11,22,1990,0.15802734375,0.145731201171875,0.012296142578125002,0.029506953209638597
11,23,908,0.12634765625,0.114134521484375,0.012213134765624994,0.022581869326531886
11,24,1451,0.1636328125,0.152618408203125,0.011014404296875002,0.026844780147075652
11,25,389,0.0869140625,0.076197509765625,0.010716552734374996,0.06973673664033413
11,26,1088,0.18341796875,0.1735546875,0.009863281249999994,0.04055710818618536
11,27,1964,0.17470703125,0.16499755859375,0.009709472656249996,0.03313988447189331
11,28,1307,0.1901171875,0.18060546875,0.009511718750000009,0.040495627671480176
11,29,998,0.0803515625,0.071102294921875,0.009249267578124998,0.0460328445956111
11,30,1256,0.13849609375,0.129449462890625,0.009046630859374988,0.027573933508247137
11,31,1210,0.07,0.061429443359375,0.008570556640625004,0.052873334605246784
11,32,2047,0.178671875,0.1704150390625,0.008256835937500012,0.040662125013768674
11,33,1248,0.1530078125,0.14489013671875,0.00811767578125,0.030532004050910472
11,34,1587,0.1231640625,0.115230712890625,0.007933349609375001,0.055541886277496816
11,35,51,0.078125,0.070501708984375,0.0076232910156250056,0.8898579692840576
11,36,346,0.09150390625,0.083948974609375,0.007554931640624998,0.018793022502213718
11,37,832,0.078828125,0.071346435546875,0.0074816894531249956,0.9428491878509522
11,38,1930,0.08556640625,0.0781103515625,0.007456054687500005,0.08869665123522281
11,39,3,0.12603515625,0.118597412109375,0.007437744140625008,0.02351252881810069
11,40,2029,0.0760546875,0.0687109375,0.007343749999999996,0.8487113797664643
11,41,1558,0.182109375,0.17486328125,0.007246093749999988,0.03474124699831009
11,42,350,0.15208984375,0.1448779296875,0.007211914062500019,0.03556543160229921
11,43,1978,0.13158203125,0.124383544921875,0.007198486328125003,0.03055704716593027
11,44,1591,0.0737109375,0.066566162109375,0.0071447753906250105,0.9000344038009643
11,45,1212,0.06802734375,0.060887451171875,0.007139892578124994,0.056448822859674695
11,46,497,0.107265625,0.100140380859375,0.0071252441406250006,0.05253069296479225
11,47,992,0.0769140625,0.070025634765625,0.006888427734375008,0.06506089128553867
11,48,1901,0.07048828125,0.06371337890625,0.00677490234375,0.050869901478290555
11,49,1745,0.0873046875,0.08062744140625,0.0066772460937500056,0.06863703109323978
11,50,1076,0.1166015625,0.11018798828125,0.0064135742187500094,0.048513120003044606
12,1,1778,0.17478515625,0.130107421875,0.044677734375,0.04863383444026113
12,2,1038,0.15751953125,0.1229296875,0.034589843750000016,0.0442941402643919
12,3,1839,0.153828125,0.121485595703125,0.032342529296875006,0.048617845233529806
12,4,304,0.14791015625,0.1187744140625,0.029135742187500008,0.04404240909963846
12,5,1503,0.1418359375,0.11441162109375,0.02742431640625001,0.03895115409046412
12,6,1740,0.18806640625,0.16189697265625,0.026169433593750013,0.039582554548978806
12,7,1871,0.1508984375,0.12495849609375,0.025939941406250014,0.03729616589844227
12,8,1861,0.14083984375,0.1152978515625,0.0255419921875,0.02836196145042777
12,9,29,0.1452734375,0.121600341796875,0.023673095703124994,0.027943174559623002
12,10,1068,0.20607421875,0.1829296875,0.023144531250000017,0.045266356840729716
12,11,624,0.14544921875,0.12231689453125,0.02313232421875,0.02839572533965111
12,12,1997,0.1309765625,0.10806884765625,0.02290771484375001,0.03526855945587158
12,13,245,0.16037109375,0.137548828125,0.022822265625000004,0.032501638121902945
12,14,1706,0.15888671875,0.136796875,0.022089843749999977,0.034109547715634105
12,15,267,0.19892578125,0.1796484375,0.01927734374999998,0.043031370677053926
12,16,1862,0.13966796875,0.12116455078125,0.018503417968750005,0.03472399115562439
12,17,1768,0.18333984375,0.165015869140625,0.018323974609375016,0.033481289967894554
12,18,837,0.16216796875,0.145982666015625,0.01618530273437499,0.02959297575056553
12,19,453,0.1760546875,0.160213623046875,0.015841064453124998,0.03073976803570986
12,20,1275,0.1221484375,0.10873779296875,0.013410644531250002,0.02970245908945799
12,21,1990,0.15869140625,0.145731201171875,0.012960205078125009,0.029458223022520543
12,22,1248,0.15779296875,0.14489013671875,0.012902832031250006,0.031571007445454595
12,23,2025,0.19607421875,0.18399169921875,0.012082519531250002,0.04148028001189232
12,24,1451,0.1646484375,0.152618408203125,0.012030029296874994,0.026710300408303737
12,25,1088,0.18515625,0.1735546875,0.011601562499999996,0.040762324333190915
12,26,908,0.12560546875,0.114134521484375,0.011470947265625003,0.022589623499661683
12,27,1210,0.07111328125,0.061429443359375,0.009683837890624991,0.054490345306694506
12,28,1256,0.1390234375,0.129449462890625,0.009573974609375008,0.02687472930178046
12,29,1307,0.18912109375,0.18060546875,0.008515624999999999,0.03935403995215893
12,30,1591,0.07505859375,0.066566162109375,0.008492431640625006,0.9272637581825256
12,31,992,0.07830078125,0.070025634765625,0.00827514648437501,0.06484161254018544
12,32,998,0.079375,0.071102294921875,0.008272705078124998,0.04659033000469208
12,33,1212,0.0690234375,0.060887451171875,0.008135986328125004,0.05701894972473383
12,34,1131,0.0702734375,0.06230224609375,0.007971191406249994,0.5935788208246231
12,35,1978,0.13220703125,0.124383544921875,0.00782348632812499,0.03138205075636506
12,36,373,0.130859375,0.123048095703125,0.007811279296875001,0.021678286381065847
12,37,2029,0.07591796875,0.0687109375,0.0072070312499999956,0.8525256001949311
12,38,51,0.0776953125,0.070501708984375,0.007193603515625008,0.8846627098321914
12,39,428,0.07416015625,0.066995849609375,0.007164306640624993,0.8169748294353485
12,40,1979,0.07212890625,0.0650146484375,0.007114257812499997,0.8089197963476181
12,41,389,0.08302734375,0.076197509765625,0.006829833984374992,0.06610486961901188
12,42,1558,0.18158203125,0.17486328125,0.0067187499999999956,0.03436095762997866
12,43,1155,0.11564453125,0.10906494140625,0.006579589843749997,0.04663291797041893
12,44,1589,0.10775390625,0.1012451171875,0.006508789062500006,0.04277357541024685
12,45,350,0.15134765625,0.1448779296875,0.0064697265625,0.03446343947201967
12,46,1930,0.08455078125,0.0781103515625,0.006440429687499999,0.09030953332781792
12,47,10,0.11529296875,0.108917236328125,0.006375732421875002,0.0553384343907237
12,48,832,0.07755859375,0.071346435546875,0.006212158203124998,0.9313807034492493
12,49,1159,0.08037109375,0.074183349609375,0.006187744140624993,0.05154851324856281
12,50,2047,0.1765625,0.1704150390625,0.0061474609375000155,0.03874853443354368
13,1,1778,0.176640625,0.130107421875,0.046533203125000006,0.0492771509103477
13,2,1038,0.15919921875,0.1229296875,0.036269531250000014,0.0441634124238044
13,3,1839,0.15755859375,0.121485595703125,0.036072998046875,0.049274964183568956
13,4,304,0.1501171875,0.1187744140625,0.0313427734375,0.04494825930800289
13,5,1503,0.1438671875,0.11441162109375,0.029455566406249994,0.03970284016802907
13,6,1740,0.19091796875,0.16189697265625,0.02902099609375,0.040258812867105004
13,7,1871,0.15208984375,0.12495849609375,0.027131347656250013,0.037053555976599456
13,8,1997,0.1351171875,0.10806884765625,0.02704833984375002,0.03675956659018993
13,9,1861,0.1405078125,0.1152978515625,0.025209960937499998,0.02795911923982203
13,10,624,0.14736328125,0.12231689453125,0.025046386718750008,0.028270300943404436
13,11,29,0.14572265625,0.121600341796875,0.024122314453125,0.028772097285836934
13,12,245,0.1612890625,0.137548828125,0.023740234375000002,0.0334288052842021
13,13,1706,0.16013671875,0.136796875,0.023339843749999978,0.033611555397510526
13,14,1068,0.205859375,0.1829296875,0.022929687500000018,0.04570544846355915
13,15,267,0.1999609375,0.1796484375,0.020312499999999983,0.04349751450121403
13,16,1862,0.14130859375,0.12116455078125,0.020144042968749984,0.03457546710968017
13,17,453,0.1778125,0.160213623046875,0.01759887695312501,0.030873625092208385
13,18,1275,0.12564453125,0.10873779296875,0.01690673828125,0.03078619044274092
13,19,837,0.16248046875,0.145982666015625,0.016497802734374983,0.02901052139699459
13,20,1768,0.18068359375,0.165015869140625,0.015667724609375017,0.03299480047076941
13,21,1088,0.18775390625,0.1735546875,0.014199218749999992,0.041560656875371936
13,22,2025,0.197734375,0.18399169921875,0.013742675781249991,0.04242069039493799
13,23,1990,0.15931640625,0.145731201171875,0.013585205078124996,0.028887089528143405
13,24,908,0.1248828125,0.114134521484375,0.010748291015624994,0.022129190173000097
13,25,1248,0.155078125,0.14489013671875,0.010187988281250004,0.03125039823353291
13,26,1210,0.07111328125,0.061429443359375,0.009683837890624991,0.05599676106125116
13,27,1745,0.09009765625,0.08062744140625,0.009470214843750005,0.07132621828466654
13,28,389,0.08556640625,0.076197509765625,0.009368896484375,0.06846726544201374
13,29,1256,0.13875,0.129449462890625,0.009300537109375007,0.026941240839660166
13,30,1451,0.161796875,0.152618408203125,0.009178466796875007,0.026193684414029122
13,31,1307,0.1897265625,0.18060546875,0.009121093750000003,0.039777373261749745
13,32,1964,0.17345703125,0.16499755859375,0.008459472656249994,0.03268595911562443
13,33,1131,0.070546875,0.06230224609375,0.008244628906249996,0.5992536607384682
13,34,1159,0.08240234375,0.074183349609375,0.008218994140624991,0.05267053939402103
13,35,1212,0.06880859375,0.060887451171875,0.007921142578124991,0.05847575712949037
13,36,699,0.07845703125,0.070888671875,0.007568359375,0.9263678848743438
13,37,1979,0.07224609375,0.0650146484375,0.007231445312500001,0.8193354392051697
13,38,998,0.07826171875,0.071102294921875,0.007159423828124997,0.04530779290944338
13,39,350,0.15197265625,0.1448779296875,0.007094726562500014,0.03412824518978596
13,40,1510,0.115625,0.10857177734375,0.0070532226562500105,0.02666613843291998
13,41,373,0.13,0.123048095703125,0.0069519042968750056,0.021558169052004816
13,42,832,0.07810546875,0.071346435546875,0.0067590332031250006,0.944534410238266
13,43,428,0.0735546875,0.066995849609375,0.006558837890624988,0.8091678041219711
13,44,1901,0.07015625,0.06371337890625,0.006442871093749997,0.05149744972586632
13,45,3,0.12498046875,0.118597412109375,0.0063830566406250094,0.023204684127122163
13,46,1867,0.1126953125,0.106396484375,0.006298828125000003,0.027380213402211667
13,47,1591,0.0727734375,0.066566162109375,0.006207275390625003,0.9087977290153504
13,48,1630,0.0765234375,0.07047607421875,0.0060473632812499956,0.14111494623124599
13,49,497,0.10615234375,0.100140380859375,0.006011962890625,0.05062129139900207
13,50,579,0.1530859375,0.147132568359375,0.005953369140624998,0.02525823049247265
14,1,1778,0.17716796875,0.130107421875,0.047060546875,0.04972329579293728
14,2,1038,0.16150390625,0.1229296875,0.03857421875,0.04446257242001593
14,3,1839,0.15720703125,0.121485595703125,0.035721435546874986,0.04944105077534914
14,4,304,0.15201171875,0.1187744140625,0.0332373046875,0.044481166461482646
14,5,1740,0.19201171875,0.16189697265625,0.030114746093750006,0.040553219839930536
14,6,1503,0.14443359375,0.11441162109375,0.030021972656250007,0.04032219102606177
14,7,1871,0.153984375,0.12495849609375,0.02902587890625001,0.03757194105535746
14,8,1068,0.210625,0.1829296875,0.027695312500000013,0.046576410457491876
14,9,29,0.1485546875,0.121600341796875,0.026954345703125007,0.028819336723536253
14,10,1861,0.1415625,0.1152978515625,0.02626464843750001,0.028173296693712473
14,11,245,0.16361328125,0.137548828125,0.026064453124999998,0.03435080345720053
14,12,1706,0.1613671875,0.136796875,0.024570312499999997,0.034669185839593414
14,13,1997,0.1321875,0.10806884765625,0.02411865234375002,0.03606336260214448
14,14,624,0.1439453125,0.12231689453125,0.021628417968750008,0.027937472369521855
14,15,1862,0.14265625,0.12116455078125,0.021491699218750007,0.035396948158741
14,16,267,0.20056640625,0.1796484375,0.020917968749999988,0.04356911092996597
14,17,1275,0.12615234375,0.10873779296875,0.01741455078125001,0.03064299514517188
14,18,453,0.17716796875,0.160213623046875,0.016954345703124984,0.030243026353418828
14,19,2025,0.200703125,0.18399169921875,0.01671142578125001,0.04277325160801411
14,20,837,0.162578125,0.145982666015625,0.016595458984374978,0.028946120031177996
14,21,1768,0.18041015625,0.165015869140625,0.015394287109375016,0.033285762816667556
14,22,1307,0.19525390625,0.18060546875,0.0146484375,0.0412994109466672
14,23,1990,0.160234375,0.145731201171875,0.014503173828125021,0.029917928241193294
14,24,908,0.12853515625,0.114134521484375,0.014400634765625003,0.02220901783555746
14,25,1088,0.186328125,0.1735546875,0.012773437500000012,0.040932555310428144
14,26,1210,0.07255859375,0.061429443359375,0.011129150390624995,0.05513747777789831
14,27,1256,0.13970703125,0.129449462890625,0.010257568359374997,0.027954749763011932
14,28,998,0.08099609375,0.071102294921875,0.009893798828124994,0.04644066816195846
14,29,1212,0.07025390625,0.060887451171875,0.009366455078124995,0.05994634505361319
14,30,1930,0.0869921875,0.0781103515625,0.008881835937499999,0.09357245288789272
14,31,1964,0.1738671875,0.16499755859375,0.008869628906249982,0.032251277528703215
14,32,389,0.0849609375,0.076197509765625,0.008763427734374996,0.06843664541840554
14,33,1131,0.07083984375,0.06230224609375,0.008537597656250007,0.6033254915475845
14,34,1451,0.1611328125,0.152618408203125,0.008514404296875,0.026000570245087146
14,35,350,0.15330078125,0.1448779296875,0.0084228515625,0.03500654276460409
14,36,1901,0.07208984375,0.06371337890625,0.008376464843749987,0.05401010222733021
14,37,3,0.1263671875,0.118597412109375,0.007769775390625011,0.02344459991902113
14,38,51,0.07822265625,0.070501708984375,0.007720947265625,0.8924335789680481
14,39,428,0.07470703125,0.066995849609375,0.007711181640624995,0.818343436717987
14,40,2047,0.177734375,0.1704150390625,0.0073193359375000044,0.0394861888512969
14,41,2029,0.07591796875,0.0687109375,0.0072070312499999956,0.8628145658969879
14,42,1745,0.08759765625,0.08062744140625,0.006970214843750003,0.0705064882710576
14,43,1979,0.0718359375,0.0650146484375,0.0068212890624999994,0.8125647717714309
14,44,1159,0.08099609375,0.074183349609375,0.006812744140624993,0.051786705739796164
14,45,361,0.15666015625,0.149910888671875,0.0067492675781249956,0.02446122493594885
14,46,1248,0.15158203125,0.14489013671875,0.006691894531249992,0.03013148482888937
14,47,489,0.0729296875,0.06652587890625,0.0064038085937500044,0.7179048842191696
14,48,832,0.07767578125,0.071346435546875,0.006329345703125003,0.933002712726593
14,49,942,0.119375,0.11308349609375,0.0062915039062499956,0.0676866203919053
14,50,971,0.16880859375,0.1626318359375,0.006176757812500017,0.03171386606991291
15,1,1778,0.17875,0.130107421875,0.048642578125,0.050606559738516806
15,2,1038,0.16423828125,0.1229296875,0.04130859375000001,0.045926048010587694
15,3,1839,0.16021484375,0.121485595703125,0.038729248046875,0.0508847111929208
15,4,304,0.15189453125,0.1187744140625,0.03312011718749999,0.0453178234398365
15,5,1503,0.14546875,0.11441162109375,0.03105712890625001,0.04050226198509335
15,6,1740,0.19265625,0.16189697265625,0.030759277343750002,0.04068685654550791
15,7,1068,0.21224609375,0.1829296875,0.02931640625000001,0.04777750980108977
15,8,1861,0.14455078125,0.1152978515625,0.029252929687500012,0.02930783435702324
15,9,1871,0.15376953125,0.12495849609375,0.02881103515625001,0.03766381550580263
15,10,245,0.1655859375,0.137548828125,0.028037109375000008,0.03412068620324135
15,11,29,0.14939453125,0.121600341796875,0.027794189453124993,0.029608860462903976
15,12,1997,0.1351171875,0.10806884765625,0.02704833984375002,0.036717522628605365
15,13,1706,0.16244140625,0.136796875,0.02564453124999999,0.03559899153187871
15,14,624,0.14599609375,0.12231689453125,0.023679199218750002,0.02905586116015911
15,15,267,0.2021484375,0.1796484375,0.022499999999999992,0.044043929241597654
15,16,1862,0.14322265625,0.12116455078125,0.02205810546874999,0.03529788084328175
15,17,837,0.16638671875,0.145982666015625,0.020404052734374983,0.030326911248266697
15,18,1275,0.127734375,0.10873779296875,0.018996582031250014,0.03156315453350544
15,19,453,0.1783203125,0.160213623046875,0.01810668945312499,0.03088565222918987
15,20,1768,0.18310546875,0.165015869140625,0.018089599609375007,0.033919326327741146
15,21,2025,0.20201171875,0.18399169921875,0.018020019531250014,0.04321723815053701
15,22,1990,0.160859375,0.145731201171875,0.015128173828125008,0.0299208415299654
15,23,908,0.12884765625,0.114134521484375,0.014713134765624997,0.022608091589063406
15,24,1088,0.1878515625,0.1735546875,0.014296875000000014,0.04132117550820112
15,25,1307,0.19408203125,0.18060546875,0.013476562500000011,0.040908507592976096
15,26,1210,0.07439453125,0.061429443359375,0.012965087890625004,0.05818009875714779
15,27,1212,0.07181640625,0.060887451171875,0.010928955078125004,0.060970796719193456
15,28,1451,0.163203125,0.152618408203125,0.010584716796875004,0.026333693712949753
15,29,1248,0.1552734375,0.14489013671875,0.010383300781249993,0.030826223827898503
15,30,1745,0.09041015625,0.08062744140625,0.009782714843749998,0.07392591815441847
15,31,699,0.0800390625,0.070888671875,0.00915039062499999,0.9456383264064789
15,32,389,0.08533203125,0.076197509765625,0.009134521484374991,0.06944306507706642
15,33,1256,0.1384765625,0.129449462890625,0.009027099609375006,0.027485393565148116
15,34,1964,0.173671875,0.16499755859375,0.008674316406249993,0.03255185022950172
15,35,1930,0.0867578125,0.0781103515625,0.008647460937500004,0.09366339534521102
15,36,998,0.07947265625,0.071102294921875,0.008370361328124992,0.046334784422069786
15,37,428,0.0751171875,0.066995849609375,0.008121337890624997,0.8268983638286591
15,38,1591,0.07439453125,0.066566162109375,0.007828369140625013,0.9225672554969787
15,39,1131,0.069921875,0.06230224609375,0.007619628906249995,0.5896179366111756
15,40,1510,0.11611328125,0.10857177734375,0.0075415039062500105,0.025713668093085288
15,41,832,0.0788671875,0.071346435546875,0.007520751953125002,0.9430199879407882
15,42,2047,0.1779296875,0.1704150390625,0.007514648437499993,0.03917156130075455
15,43,992,0.07751953125,0.070025634765625,0.007493896484374998,0.06392884440720081
15,44,1867,0.11361328125,0.106396484375,0.0072167968750000006,0.026485827974975108
15,45,350,0.151953125,0.1448779296875,0.0070751953125000044,0.034461816996335985
15,46,489,0.07357421875,0.06652587890625,0.007048339843750001,0.7273256123065949
15,47,1558,0.18173828125,0.17486328125,0.006874999999999992,0.03501101098954677
15,48,1164,0.1286328125,0.12184814453125,0.006784667968750005,0.018642746955156327
15,49,51,0.07728515625,0.070501708984375,0.006783447265625006,0.8883635103702545
15,50,2029,0.07533203125,0.0687109375,0.006621093750000001,0.8494464921951294
